{
    "rmse": 0.6590626695564986,
    "mae": 0.5306617280812117,
    "r2": 0.26300979443828043
}